Range,Total Shelves,Total Capacity,Available Inches,Occupied Inches,Percent Empty,Percent Full,Average Shelf Length For Each Range,LC Call # Start,,LC Call # Stop,Collection Type,,,,,,,,,,,1,AG,4
All Range Totals,"6,699","238,176","68,682","169,494",28.84%,71.16%,----------,-------------------------,-,-------------------------,----------,,,,,,,,,,,2TEMP,AG,7
1a,28.00,996.63,313.00,683.63,31.41%,68.59%,35.59,BX 4020 .O54 1944,-,DA 670 .D7 W2 1872,Collection 1,,,,,,,,,,,3,AG,7
1b,28.00,996.63,343.00,653.63,34.42%,65.58%,35.59,DA 670 .H73 G73 1920,-,DG 674.7 .R62 1980,Collection 1,,,,,,,,,,,,,
2a,28.00,996.63,398.88,597.75,40.02%,59.98%,35.59,DG 676.97 .I66 I86 2011,-,DR 2079 .Z328 2016,Collection 1,,,,,,,,,,,4,AF,7PILLAR
2b,28.00,996.63,554.63,442.00,55.65%,44.35%,35.59,DS 5 .Z5 1972,-,DS 935.7775 .L44 2014,Collection 1,,,,,,,,,,,,,
3a,42.00,1493.25,1493.25,0.00,100.00%,0.00%,35.55,Overflow,-,Overflow,Collection 1,,,,,,,,,,,5,AL,7
3b,42.00,1493.25,1493.25,0.00,100.00%,0.00%,35.55,Overflow,-,Overflow,Collection 1,,,,,,,,,,,6,AL,7
4a,49.00,1742.13,1742.13,0.00,100.00%,0.00%,35.55,Temp,-,Temp,Collection 1,,,,,,,,,,,7,AD,7
4b,49.00,1742.13,1742.13,0.00,100.00%,0.00%,35.55,Temp,-,Temp,Collection 1,,,,,,,,,,,SPACE,,
5a,42.00,1493.25,356.00,1137.25,23.84%,76.16%,35.55,BX 4009 .R53 2002,-,BX 4337.5 .E35 E92 1997,Collection 1,,,,,,,,,,,8-11,AD,7
5b,40.00,1421.50,385.50,1036.00,27.12%,72.88%,35.54,BX 4337.5 .E35 W48 1999,-,BX 4603 .G746 S3567 1995,Collection 1,,,,,,,,,,,12,AL,7
6a,81.00,2878.87,742.00,2136.87,25.77%,74.23%,35.54,BX 4603 .G757 S356,-,BX 4669 .C69,Collection 1,,,,,,,,,,,13,AJ,7 PILLAR
6b,84.00,2986.50,802.00,2184.50,26.85%,73.15%,35.55,BX 4669 .C78,-,BX 4700 .G3 R4 1924,Collection 1,,,,,,,,,,,14-17,AL,7
7a,70.00,2488.75,679.00,1809.75,27.28%,72.72%,35.55,BX 4700 .G3 S47 1917,-,BX 4700 .T5 D35513 1998,Collection 1,,,,,,,,,,,18,AF,7 PILLAR
7b,70.00,2488.75,658.00,1830.75,26.44%,73.56%,35.55,BX 4700 .T5 D35613 2002,-,BX 4705 C765 F5,Collection 1,,,,,,,,,,,19-20,AG,7
8a,84.00,2986.50,805.00,2181.50,26.95%,73.05%,35.55,BX 4705 C765 W631,-,BX 4705 .L119 F65 1873 t.1,Collection 1,,,,,,,,,,,21-22,AK,7
8b,84.00,2986.50,738.00,2248.50,24.71%,75.29%,35.55,BX 4705 L119 H296L 1895,-,BX 4705 .O8 F425 1999,Collection 1,,,,,,,,,,,23,AJ,7 PILLAR5
9a,84.00,2986.50,770.00,2216.50,25.78%,74.22%,35.55,BX 4705 .O8 F73 2001,-,BX 4711.74 .L6 v.49 no.3/4 2008 p.203-357,Collection 1,,,,,,,,,,,24-27,AK,7
9b,84.00,2986.50,719.00,2267.50,24.08%,75.92%,35.55,BX 4711.74 .L6 v.50 2009,-,BX 4827 T465 A2 1959 Bd.14,Collection 1,,,,,,,,,,,28,AJ,7PILLAR5
10a,84.00,2986.50,783.00,2203.50,26.22%,73.78%,35.55,BX 4827 .T465 A3,-,BX 5133 .S53 E932 1986,Collection 1,,,,,,,,,,,29-31,AK,7
10b,84.00,2986.50,741.88,2244.63,24.84%,75.16%,35.55,BX 5133 .S55 P8,-,BX 5917 N5 H629,Collection 1,,,,,,,,,,,SPACE,,
11a,84.00,2986.50,827.00,2159.50,27.69%,72.31%,35.55,BX 5917 .N55 B8,-,BX 7590 G24,Collection 1,,,,,,,,,,,32,AJ,7
11b,84.00,2986.50,754.00,2232.50,25.25%,74.75%,35.55,BX 7601 Q8 v.6-10,-,BX 8201 .M592 v.61 no.2,Collection 1,,,,,,,,,,,33SPACE-35,AK,7
12a,42.00,1493.25,379.00,1114.25,25.38%,74.62%,35.55,BX 8203 .W51 A3 v.1/30 Index 1897/1956,-,BX 8593 .Z79 A1 Bd.15.6,Collection 1,,,,,,,,,,,36,AJ,7
12b,42.00,1493.25,407.00,1086.25,27.26%,72.74%,35.55,BX 8953 Z79 A11 v.1,-,BX 8982 .F57 1995,Collection 1,,,,,,,,,,,37-40,AK,7
13a,49.00,1742.13,479.00,1263.13,27.50%,72.50%,35.55,BX 8992 .G6 1888a,-,BX 9420 .I69 W48 1988 v.4,Collection 1,,,,,,,,,,,41,AJ,7
13b,49.00,1742.13,416.00,1326.13,23.88%,76.12%,35.55,BX 9420 .I69 W485 1992 v.1,-,D 1 .A3525 2012 IIUL-DEK.,Collection 1,,,,,,,,,,,42,AK,7&8
14a,49.00,1742.13,143.00,1599.13,8.21%,91.79%,35.55,D 1 .A3525 2013 IANV.-IIUN,-,D 1 .P957 83 1992,Collection 1,,,,,,,,,,,43,AK,8&7
14b,49.00,1742.13,244.00,1498.13,14.01%,85.99%,35.55,D 1 .P957 t.84 1993,-,D 7 F877hi c.2,Collection 1,,,,,,,,,,,44-46,AG,7
15a,77.00,2737.63,716.00,2021.63,26.15%,73.85%,35.55,D 7 .F88 1972,-,D 16.8 .B812 1955,Collection 1,,,,,,,,,,,47,AF,PILLAR
15b,77.00,2737.63,698.00,2039.63,25.50%,74.50%,35.55,D 16.8 .B812 1979,-,D 23.5 .T35 1983,Collection 1,,,,,,,,,,,48-51,AL,7
16a,77.00,2737.63,594.00,2143.63,21.70%,78.30%,35.55,D 24 .A4,-,D 111 .Ec73 t.119:2 2007,Collection 1,,,,,,,,,,,,,
16b,77.00,2737.63,664.88,2072.75,24.29%,75.71%,35.55,D 111 .Ec73 t.120 pt.1 2008,-,D 135 B37,Collection 1,,,,,,,,,,,,,
17a,70.00,2488.75,601.00,1887.75,24.15%,75.85%,35.55,D 135 B8 1963,-,D 228 .E4 1966,Collection 1,,,,,,,,,,,,,
17b,70.00,2488.75,628.88,1859.88,25.27%,74.73%,35.55,D 228 .E4 1999,-,D 398 U54,Collection 1,,,,,,,,,,,,,
18a,77.00,2737.63,634.00,2103.63,23.16%,76.84%,35.55,D 399.7 .B8,-,D 511 D561 1926,Collection 1,,,,,,,,,,,,,
18b,77.00,2737.63,2013.13,724.50,73.54%,26.46%,35.55,D 511 .E78 1983,-,D 522.25 .G46 1979,Collection 2,,,,,,,,,,,,,
19a,77.00,2737.63,721.00,2016.63,26.34%,73.66%,35.55,D 522.25 .H66 1992,-,D 630 .D83 A3 2014,Collection 2,,,,,,,,,,,,,
19b,77.00,2737.63,666.00,2071.63,24.33%,75.67%,35.55,D 630 .G38 A3 2000,-,D 743 .Q52,Collection 2,,,,,,,,,,,,,
20a,77.00,2737.63,721.00,2016.63,26.34%,73.66%,35.55,D 743 .R33 T.1,-,D 763 .N6 C53 2001,Collection 2,,,,,,,,,,,,,
20b,77.00,2737.63,613.00,2124.63,22.39%,77.61%,35.55,D 763 .N6 H19 2010,-,D 769.31 92nd .J65 2012,Collection 2,,,,,,,,,,,,,
21a,77.00,2737.63,611.00,2126.63,22.32%,77.68%,35.55,D 769.31 100th .M44 2013,-,D 802 .S67 F4,Collection 2,,,,,,,,,,,,,
21b,77.00,2737.63,588.00,2149.63,21.48%,78.52%,35.55,D 802 S67 G7,-,D 805 .J3 K59,Collection 2,,,,,,,,,,,,,
22a,70.00,2488.75,544.00,1944.75,21.86%,78.14%,35.55,D 805 .J3 M324 2007,-,D 812 T687 G757a,Collection 2,,,,,,,,,,,,,
22b,70.00,2488.75,631.00,1857.75,25.35%,74.65%,35.55,D 810 T687 Sa9,-,D 843 Ar671,Collection 2,,,,,,,,,,,,,
23a,77.00,2737.63,728.00,2009.63,26.59%,73.41%,35.55,D 843 B235,-,D 1058 .B63 2005,Collection 2,,,,,,,,,,,,,
23b,77.00,2737.63,671.00,2066.63,24.51%,75.49%,35.55,D 1058 .B68 1972,-,DA 66 .L44 2011,Collection 2,,,,,,,,,,,,,
24a,76.00,2702.13,722.00,1980.13,26.72%,73.28%,35.55,DA 66 .L46 2001,-,DA 175 .M996 1971,Collection 2,,,,,,,,,,,,,
24b,77.00,2737.63,732.00,2005.63,26.74%,73.26%,35.55,DA 175 .N67 2009,-,DA 380 .L5 1950,Collection 2,,,,,,,,,,,,,
25a,77.00,2737.63,700.00,2037.63,25.57%,74.43%,35.55,DA 380 N844 copy2,-,DA 536 .S8 C48 1990,Collection 2,,,,,,,,,,,,,
25b,77.00,2737.63,732.00,2005.63,26.74%,73.26%,35.55,DA 536 .S89 C86 1993 v.1,-,DA 591 .M393 A3 2013x,Collection 3,,,,,,,,,,,,,
26a,73.00,2595.56,770.50,1825.06,29.69%,70.31%,35.56,DA 591 .M494 A3 2005,-,DA 676.9 .G47 B37 2005,Collection 3,,,,,,,,,,,,,
26b,77.00,2737.63,930.50,1807.13,33.99%,66.01%,35.55,DA 676.9 .G47 B75 2010,-,DA 783.3 .M9 2003,Collection 3,,,,,,,,,,,,,
27a,70.00,2488.75,683.00,1805.75,27.44%,72.56%,35.55,DA 783.3 .R44 1996,-,DA 916.3 Of4L v.2,Collection 3,,,,,,,,,,,,,
27b,70.00,2488.75,655.00,1833.75,26.32%,73.68%,35.55,DA 916.3 .T46 F66 2017,-,DA 950 .M87 1898,Collection 3,,,,,,,,,,,,,
28a,77.00,2737.63,829.00,1908.63,30.28%,69.72%,35.55,DA 950 .M873 2003,-,DA 963 .S63 2006,Collection 3,,,,,,,,,,,,,
28b,77.00,2737.63,792.00,1945.63,28.93%,71.07%,35.55,DA 963 .S697 1974,-,DA 990 .D7 S93 1940,Collection 3,,,,,,,,,,,,,
29a,77.00,2737.63,849.50,1888.13,31.03%,68.97%,35.55,DA 990 D716 G996h,-,DA 995 .C7 2013,Collection 3,,,,,,,,,,,,,
29b,77.00,2737.63,633.00,2104.63,23.12%,76.88%,35.55,DA 995 .C7 A76 2005,-,DB 90 C586 H6,Collection 2,,,,,,,,,,,,,
30a,77.00,2737.63,633.50,2104.13,23.14%,76.86%,35.55,DB 90 .C8 D45 1997,-,DB 2178 .D38 2007,Collection 2,,,,,,,,,,,,,
30b,77.00,2737.63,772.00,1965.63,28.20%,71.80%,35.55,DB 2178 .L46 2017,-,DC 82 .G64 2007,Collection 2,,,,,,,,,,,,,
31a,70.00,2488.75,675.00,1813.75,27.12%,72.88%,35.55,DC 82 .G767 1995,-,DC 146 .B756 B35 2000,Collection 2,,,,,,,,,,,,,
31b,70.00,2488.75,733.00,1755.75,29.45%,70.55%,35.55,DC 146 .B757 K54 1981,-,DC 255 .T3 K45 2017,Collection 2,,,,,,,,,,,,,
32a,77.00,2737.63,712.50,2025.13,26.03%,73.97%,35.55,DC 255 .T3 L39 2007,-,DC 611 .B531 C34 no 235/236,Collection 2,,,,,,,,,,,,,
32b,77.00,2737.63,634.50,2103.13,23.18%,76.82%,35.55,DC 611 .B532 M3,-,DD 43 .S65 1946,Collection 2,,,,,,,,,,,,,
33a,77.00,2737.63,653.50,2084.13,23.87%,76.13%,35.55,DD 51 .A44 2004,-,DD 218 .S28 1972,Collection 2,,,,,,,,,,,,,
33b,77.00,2737.63,602.50,2135.13,22.01%,77.99%,35.55,DD 218 .S45,-,DD 253.25 .P74 1993,Collection 2,,,,,,,,,,,,,
34a,77.00,2737.63,785.00,1952.63,28.67%,71.33%,35.55,DD 253.25 .S27 1957,-,DD 283 .F85 1995,Collection 2,,,,,,,,,,,,,
34b,77.00,2737.63,781.00,1956.63,28.53%,71.47%,35.55,DD 283 .G46 1999 Bd.1,-,DD 901 .C745 N38 1997,Collection 2,,,,,,,,,,,,,
35a,77.00,2737.63,663.00,2074.63,24.22%,75.78%,35.55,DD 901 .C745 S54 1970,-,DF 10 B936 v.19 1895,Collection 2,,,,,,,,,,,,,
35b,77.00,2737.63,567.50,2170.13,20.73%,79.27%,35.55,DF 10 B936 v.20 1896,-,DF 234 .V475 2004,Collection 2,,,,,,,,,,,,,
36a,70.00,2488.75,540.00,1948.75,21.70%,78.30%,35.55,DF 234 .W553 2009,-,DF 543 .S89 2008,Collection 2,,,,,,,,,,,,,
36b,70.00,2488.75,659.50,1829.25,26.50%,73.50%,35.55,DF 543 .U76 1900a,-,DG 51 .S49 2012,Collection 2,,,,,,,,,,,,,
37a,75.00,2666.63,726.50,1940.13,27.24%,72.76%,35.56,DG 52 .A73 2001,-,DG 211 .H273,Collection 2,,,,,,,,,,,,,
37b,78.00,2773.13,627.00,2146.13,22.61%,77.39%,35.55,DG 211 H46,-,DG 401 .Ar25 v.148 1990,Collection 2,,,,,,,,,,,,,
38a,79.00,2808.63,470.00,2338.63,16.73%,83.27%,35.55,DG 401 .Ar25 v.149 1991,-,DG 571 .A2  F743 1990,Collection 2,,,,,,,,,,,,,
38b,77.00,2737.63,455.50,2282.13,16.64%,83.36%,35.55,DG 571 .A2 I73 1983 v.1,-,DG 797.83 .B37 2000,Collection 2,,,,,,,,,,,,,
39a,49.00,1742.13,430.50,1311.63,24.71%,75.29%,35.55,DG 797.83 B447,-,DG 975 .P618 .S68 2008,Collection 1,,,,,,,,,,,,,
39b,49.00,1742.13,448.50,1293.63,25.74%,74.26%,35.55,DG 975 .P62 C36 1983,-,DK 1 .A25,Collection 1,,,,,,,,,,,,,
40a,49.00,1742.13,384.00,1358.13,22.04%,77.96%,35.55,DK 1 .C132 v.35 1994,-,DK 32 T864,Collection 1,,,,,,,,,,,,,
40b,49.00,1742.13,552.00,1190.13,31.69%,68.31%,35.55,DK 32 .V54 1891 ch. 1-2,-,DK 40 .K613 1911 v.5,Collection 1,,,,,,,,,,,,,
41a,42.00,1493.25,505.00,988.25,33.82%,66.18%,35.55,DK 40 .K62 1992,-,DK 67.5 .G7 R676 2006,Collection 1,,,,,,,,,,,,,
41b,42.00,1493.25,491.00,1002.25,32.88%,67.12%,35.55,DK 67.5 .G7 S33 2016,-,DK 161 .C68 1974,Collection 1,,,,,,,,,,,,,
42a,84.00,2986.50,997.00,1989.50,33.38%,66.62%,35.55,DK 161 O16,-,DK 254 .L46 .S65 1991,Collection 1,,,,,,,,,,,,,
42b,85.00,3022.00,972.00,2050.00,32.16%,67.84%,35.55,DK 254 .L46 T85 1983,-,DK 265.19 .N556 2017 t.2,Collection 1,,,,,,,,,,,,,
43a,84.00,2986.50,989.00,1997.50,33.12%,66.88%,35.55,DK 265.19 .N56 2002,-,DK 268 .P55 J67 2016,Collection 1,,,,,,,,,,,,,
43b,84.00,2986.50,863.00,2123.50,28.90%,71.10%,35.55,DK 268 .P66 P65 1970,-,DK 402 .R6 v.49 1988,Collection 1,,,,,,,,,,,,,
44a,84.00,2986.50,845.00,2141.50,28.29%,71.71%,35.55,DK 402 .R6 v.50 1989,-,DK 510.762 .N47 v.5-6 2010,Collection 1,,,,,,,,,,,,,
44b,84.00,2986.50,844.00,2142.50,28.26%,71.74%,35.55,DK 510.762 .N47 v.1-2 2011,-,DK 771 Us7 Ar722 E3,Collection 1,,,,,,,,,,,,,
45a,84.00,2986.50,908.00,2078.50,30.40%,69.60%,35.55,DK 771 V42 K48,-,DK 4442 .W34 1991,Collection 1,,,,,,,,,,,,,
45b,85.00,3022.00,452.00,2570.00,14.96%,85.04%,35.55,DK 4442 .W35 2021 t.1,-,DP 41 .V53 2009,Collection 1,,,,,,,,,,,,,
46a,56.00,1991.00,601.00,1390.00,30.19%,69.81%,35.55,DP 41 W983,-,DP 99 .S82 v.31 2013,Collection 1,,,,,,,,,,,,,
46b,56.00,1991.00,620.00,1371.00,31.14%,68.86%,35.55,DP 99 .S89 v.1,-,DP 203 F385 t.29,Collection 1,,,,,,,,,,,,,
47a,63.00,2239.88,706.00,1533.88,31.52%,68.48%,35.55,DP 203 .F47 1867,-,DP 302 .A53 C54 2012,Collection 1,,,,,,,,,,,,,
47b,63.00,2239.88,731.00,1508.88,32.64%,67.36%,35.55,DP 302 .A615 C664 1993 v.1,-,DP 680 .S28,Collection 1,,,,,,,,,,,,,
48a,63.00,2239.88,640.50,1599.38,28.60%,71.40%,35.55,DP 680 .S348 2010,-,DR 49.24 .S73 2013,Collection 1,,,,,,,,,,,,,
48b,63.00,2239.88,730.00,1509.88,32.59%,67.41%,35.55,DR 49.26 .C87 2001,-,DR 432 .K43 2011,Collection 1,,,,,,,,,,,,,
49a,63.00,2239.88,684.00,1555.88,30.54%,69.46%,35.55,DR 432 K481e,-,DR 1510 .P76 1982,Collection 1,,,,,,,,,,,,,
49b,63.00,2239.88,616.00,1623.88,27.50%,72.50%,35.55,DR 1510 .Z99 G72 1982 KNJ. 1,-,DS 38 .K41 1971,Collection 1,,,,,,,,,,,,,
50a,63.00,2239.88,607.00,1632.88,27.10%,72.90%,35.55,DS 38 .K537 1997,-,DS 59 .S86 A66 2010,Collection 1,,,,,,,,,,,,,
50b,63.00,2239.88,617.00,1622.88,27.55%,72.45%,35.55,DS 59 .S94 S569 2012,-,DS 79.76 .D98 2014,Collection 1,,,,,,,,,,,,,
51a,56.00,1991.00,538.50,1452.50,27.05%,72.95%,35.55,DS 79.76 .E25 2008,-,DS 101 .J3525  v.7 no.16-26 1996 Dec.12-1997 May 1 Incomplete,Collection 1,,,,,,,,,,,,,
51b,55.00,1955.50,480.00,1475.50,24.55%,75.45%,35.55,DS 101 .J3525 v.8 no.1-13 1997 May 15 - Oct.,-,DS 110 .E458 M33 1995,Collection 1,,,,,,,,,,,,,
52a,61.00,2168.88,608.00,1560.88,28.03%,71.97%,35.56,DS 110 .E458 M44 2006,-,DS 118 .B644 2013,Collection 1,,,,,,,,,,,,,
52b,63.00,2239.88,677.00,1562.88,30.22%,69.78%,35.55,DS 118 B664 v.1,-,DS 125 .P298 2006,Collection 1,,,,,,,,,,,,,
53a,63.00,2239.88,546.00,1693.88,24.38%,75.62%,35.55,DS 125 .P32 2016,-,DS 135 .A93 K375 2004,Collection 1,,,,,,,,,,,,,
53b,63.00,2239.88,716.50,1523.38,31.99%,68.01%,35.55,DS 135 .A93 K38 2002,-,DS 135 .G4 H365 2001,Collection 1,,,,,,,,,,,,,
54a,63.00,2239.88,667.00,1572.88,29.78%,70.22%,35.55,DS 135 .G4 H37 1967,-,DS 135 .P8 M457 1992,Collection 1,,,,,,,,,,,,,
54b,63.00,2239.88,680.50,1559.38,30.38%,69.62%,35.55,DS 135 .P8 N373 2003,-,DS 146 .G4 R62 1991,Collection 1,,,,,,,,,,,,,
55a,61.00,2168.88,712.50,1456.38,32.85%,67.15%,35.56,DS 146 .G4 R64 1990,-,DS 234 .I175 1986 Index,Collection 1,,,,,,,,,,,,,
55b,63.00,2239.88,679.50,1560.38,30.34%,69.66%,35.55,DS 234 .I26 2015 v.1,-,DS 371.412 .K75 2011,Collection 1,,,,,,,,,,,,,
56a,28.00,995.50,283.00,712.50,28.43%,71.57%,35.55,DS 371.412 .L36 2005,-,DS 423 .D4,Collection 1,,,,,,,,,,,,,
56b,28.00,995.50,325.00,670.50,32.65%,67.35%,35.55,DS 423 .D86 1964,-,DS 452 .S795 2004,Collection 1,,,,,,,,,,,,,
57a,35.00,1244.38,302.00,942.38,24.27%,75.73%,35.55,DS 452 .W56 1990 v.1,-,DS 481 .G3 K9 1982,Collection 1,,,,,,,,,,,,,
57b,35.00,1244.38,377.00,867.38,30.30%,69.70%,35.55,DS 481 .G3 K98 1969,-,DS 498.8 L421,Collection 1,,,,,,,,,,,,,
58a,35.00,1244.38,419.50,824.88,33.71%,66.29%,35.55,DS 501 .C27 no.1 1985,-,DS 554.7 .F67 1980,Collection 1,,,,,,,,,,,,,
58b,35.00,1244.38,412.00,832.38,33.11%,66.89%,35.55,DS 554.7 .K54 1985,-,DS 558.6 .A8 F76 1987,Collection 1,,,,,,,,,,,,,
59a,35.00,1244.38,405.00,839.38,32.55%,67.45%,35.55,DS 558.6 .A8 M87 1994,-,DS 646.36 .M23 1956,Collection 1,,,,,,,,,,,,,
59b,35.00,1244.38,422.50,821.88,33.95%,66.05%,35.55,DS 646.36 .M3 1958,-,DS 712 .H7648 1989,Collection 1,,,,,,,,,,,,,
60a,77.00,2737.63,793.00,1944.63,28.97%,71.03%,35.55,DS 712 .J43 1986,-,DS 741.3 .S67813 1993,Collection 1,,,,,,,,,,,,,
60b,77.00,2737.63,820.00,1917.63,29.95%,70.05%,35.55,DS 741.3 .S68 1972 v.1,-,DS 754 .H69 1996 v.2,Collection 1,,,,,,,,,,,,,
61a,42.00,1493.25,480.00,1013.25,32.14%,67.86%,35.55,DS 754 .H74 2000,-,DS 776 .S65 2011,Collection 1,,,,,,,,,,,,,
61b,42.00,1493.25,443.00,1050.25,29.67%,70.33%,35.55,DS 776 .S666 2016,-,DS 778 .L3555 A25 2011 v.4,Collection 1,,,,,,,,,,,,,
62a,49.00,1742.13,558.00,1184.13,32.03%,67.97%,35.55,DS 778 .L358 A2 2007 v.1,-,DS 793 .T8 K68 1980 v.9,Collection 1,,,,,,,,,,,,,
62b,49.00,1742.13,513.00,1229.13,29.45%,70.55%,35.55,DS 793 .T8 S82 1969,-,DS 822.25 .S48 1978 v.3,Collection 1,,,,,,,,,,,,,
63a,49.00,1742.13,550.00,1192.13,31.57%,68.43%,35.55,DS 822.25 .S55 2000,-,DS 894.99 .O372 U39 2012,Collection 1,,,,,,,,,,,,,
63b,49.00,1742.13,525.00,1217.13,30.14%,69.86%,35.55,DS 894.99 .O374 I98 2012,-,DS 1115.5 .F495 v.2,Collection 1,,,,,,,,,,,,,